{
  "project_info": {
    "project_number": "572649363294",
    "firebase_url": "https://crudfirebaseflutter-4acb3.firebaseio.com",
    "project_id": "crudfirebaseflutter-4acb3",
    "storage_bucket": "crudfirebaseflutter-4acb3.appspot.com"
  },
  "client": [
    {
      "client_info": {
        "mobilesdk_app_id": "1:572649363294:android:886fefe700c6345a",
        "android_client_info": {
          "package_name": "com.flutter.firebase.crud.flutterappproducts"
        }
      },
      "oauth_client": [
        {
          "client_id": "572649363294-d3eav1ctevqj7gcu0qac2082g7h90dss.apps.googleusercontent.com",
          "client_type": 1,
          "android_info": {
            "package_name": "com.flutter.firebase.crud.flutterappproducts",
            "certificate_hash": "44e863740ed6eb5cc35481651bfa815345f9baad"
          }
        },
        {
          "client_id": "572649363294-uneqaau4hed31b7541gtk6unka9dpm8m.apps.googleusercontent.com",
          "client_type": 3
        }
      ],
      "api_key": [
        {
          "current_key": "AIzaSyASq5r3xHwGgPcyosVwAlfaUT7r4xd26r0"
        }
      ],
      "services": {
        "analytics_service": {
          "status": 1
        },
        "appinvite_service": {
          "status": 2,
          "other_platform_oauth_client": [
            {
              "client_id": "572649363294-uneqaau4hed31b7541gtk6unka9dpm8m.apps.googleusercontent.com",
              "client_type": 3
            }
          ]
        },
        "ads_service": {
          "status": 2
        }
      }
    }
  ],
  "configuration_version": "1"
}